[{"especialidad":"Cocina","email":"remy@gmail.com","clave":"123456"},{"especialidad":"Degustacion","email":"emile@gmail.com","clave":"123456"},{"especialidad":"Mesero","email":"linguini@gmail.com","clave":"123456"},{"especialidad":"Critico","email":"ego@gmail.com","clave":"123456"},{"especialidad":"Chef","email":"gusteau@gmail.com","clave":"123456"},{"especialidad":"Chef","email":"skinner@gmail.com","clave":"123456"},{"especialidad":"Cocina","email":"colette@gmail.com","clave":"123456"},{"especialidad":"Inspeccion","email":"jose@gmail.com","clave":"123456"},{"especialidad":"Pasteleria","email":"maru@gmail.com","clave":"123456"},{"especialidad":"Cocina","email":"lalo@gmail.com","clave":"123456"}]